"cat01_code","男女別・性比","cat02_code","人口","cat03_code","年齢各歳","area_code","全国","time_code","時間軸（年月日現在）","unit","value"
"001","男女計","001","総人口","01000","総数","00000","全国","1001","平成29年10月1日現在","千人","126706"
"001","男女計","001","総人口","01001","0歳","00000","全国","1001","平成29年10月1日現在","千人","963"
"001","男女計","001","総人口","01002","1歳","00000","全国","1001","平成29年10月1日現在","千人","1000"
"001","男女計","001","総人口","01003","2歳","00000","全国","1001","平成29年10月1日現在","千人","960"
"001","男女計","001","総人口","01004","3歳","00000","全国","1001","平成29年10月1日現在","千人","975"
"001","男女計","001","総人口","01005","4歳","00000","全国","1001","平成29年10月1日現在","千人","1011"
"001","男女計","001","総人口","01006","5歳","00000","全国","1001","平成29年10月1日現在","千人","1017"
"001","男女計","001","総人口","01007","6歳","00000","全国","1001","平成29年10月1日現在","千人","1045"
"001","男女計","001","総人口","01008","7歳","00000","全国","1001","平成29年10月1日現在","千人","1049"
"001","男女計","001","総人口","01009","8歳","00000","全国","1001","平成29年10月1日現在","千人","1060"
"001","男女計","001","総人口","01010","9歳","00000","全国","1001","平成29年10月1日現在","千人","1080"
"001","男女計","001","総人口","01011","10歳","00000","全国","1001","平成29年10月1日現在","千人","1072"
"001","男女計","001","総人口","01012","11歳","00000","全国","1001","平成29年10月1日現在","千人","1065"
"001","男女計","001","総人口","01013","12歳","00000","全国","1001","平成29年10月1日現在","千人","1067"
"001","男女計","001","総人口","01014","13歳","00000","全国","1001","平成29年10月1日現在","千人","1105"
"001","男女計","001","総人口","01015","14歳","00000","全国","1001","平成29年10月1日現在","千人","1124"
"001","男女計","001","総人口","01016","15歳","00000","全国","1001","平成29年10月1日現在","千人","1158"
"001","男女計","001","総人口","01017","16歳","00000","全国","1001","平成29年10月1日現在","千人","1174"
"001","男女計","001","総人口","01018","17歳","00000","全国","1001","平成29年10月1日現在","千人","1202"
"001","男女計","001","総人口","01019","18歳","00000","全国","1001","平成29年10月1日現在","千人","1212"
"001","男女計","001","総人口","01020","19歳","00000","全国","1001","平成29年10月1日現在","千人","1248"
"001","男女計","001","総人口","01021","20歳","00000","全国","1001","平成29年10月1日現在","千人","1248"
"001","男女計","001","総人口","01022","21歳","00000","全国","1001","平成29年10月1日現在","千人","1239"
"001","男女計","001","総人口","01023","22歳","00000","全国","1001","平成29年10月1日現在","千人","1260"
"001","男女計","001","総人口","01024","23歳","00000","全国","1001","平成29年10月1日現在","千人","1254"
"001","男女計","001","総人口","01025","24歳","00000","全国","1001","平成29年10月1日現在","千人","1226"
"001","男女計","001","総人口","01026","25歳","00000","全国","1001","平成29年10月1日現在","千人","1234"
"001","男女計","001","総人口","01027","26歳","00000","全国","1001","平成29年10月1日現在","千人","1225"
"001","男女計","001","総人口","01028","27歳","00000","全国","1001","平成29年10月1日現在","千人","1245"
"001","男女計","001","総人口","01029","28歳","00000","全国","1001","平成29年10月1日現在","千人","1273"
"001","男女計","001","総人口","01030","29歳","00000","全国","1001","平成29年10月1日現在","千人","1314"
"001","男女計","001","総人口","01031","30歳","00000","全国","1001","平成29年10月1日現在","千人","1349"
"001","男女計","001","総人口","01032","31歳","00000","全国","1001","平成29年10月1日現在","千人","1372"
"001","男女計","001","総人口","01033","32歳","00000","全国","1001","平成29年10月1日現在","千人","1426"
"001","男女計","001","総人口","01034","33歳","00000","全国","1001","平成29年10月1日現在","千人","1472"
"001","男女計","001","総人口","01035","34歳","00000","全国","1001","平成29年10月1日現在","千人","1493"
"001","男女計","001","総人口","01036","35歳","00000","全国","1001","平成29年10月1日現在","千人","1496"
"001","男女計","001","総人口","01037","36歳","00000","全国","1001","平成29年10月1日現在","千人","1512"
"001","男女計","001","総人口","01038","37歳","00000","全国","1001","平成29年10月1日現在","千人","1577"
"001","男女計","001","総人口","01039","38歳","00000","全国","1001","平成29年10月1日現在","千人","1618"
"001","男女計","001","総人口","01040","39歳","00000","全国","1001","平成29年10月1日現在","千人","1681"
"001","男女計","001","総人口","01041","40歳","00000","全国","1001","平成29年10月1日現在","千人","1726"
"001","男女計","001","総人口","01042","41歳","00000","全国","1001","平成29年10月1日現在","千人","1809"
"001","男女計","001","総人口","01043","42歳","00000","全国","1001","平成29年10月1日現在","千人","1889"
"001","男女計","001","総人口","01044","43歳","00000","全国","1001","平成29年10月1日現在","千人","1992"
"001","男女計","001","総人口","01045","44歳","00000","全国","1001","平成29年10月1日現在","千人","2027"
"001","男女計","001","総人口","01046","45歳","00000","全国","1001","平成29年10月1日現在","千人","1990"
"001","男女計","001","総人口","01047","46歳","00000","全国","1001","平成29年10月1日現在","千人","1936"
"001","男女計","001","総人口","01048","47歳","00000","全国","1001","平成29年10月1日現在","千人","1877"
"001","男女計","001","総人口","01049","48歳","00000","全国","1001","平成29年10月1日現在","千人","1848"
"001","男女計","001","総人口","01050","49歳","00000","全国","1001","平成29年10月1日現在","千人","1806"
"001","男女計","001","総人口","01051","50歳","00000","全国","1001","平成29年10月1日現在","千人","1801"
"001","男女計","001","総人口","01052","51歳","00000","全国","1001","平成29年10月1日現在","千人","1408"
"001","男女計","001","総人口","01053","52歳","00000","全国","1001","平成29年10月1日現在","千人","1737"
"001","男女計","001","総人口","01054","53歳","00000","全国","1001","平成29年10月1日現在","千人","1626"
"001","男女計","001","総人口","01055","54歳","00000","全国","1001","平成29年10月1日現在","千人","1584"
"001","男女計","001","総人口","01056","55歳","00000","全国","1001","平成29年10月1日現在","千人","1531"
"001","男女計","001","総人口","01057","56歳","00000","全国","1001","平成29年10月1日現在","千人","1506"
"001","男女計","001","総人口","01058","57歳","00000","全国","1001","平成29年10月1日現在","千人","1515"
"001","男女計","001","総人口","01059","58歳","00000","全国","1001","平成29年10月1日現在","千人","1542"
"001","男女計","001","総人口","01060","59歳","00000","全国","1001","平成29年10月1日現在","千人","1499"
"001","男女計","001","総人口","01061","60歳","00000","全国","1001","平成29年10月1日現在","千人","1456"
"001","男女計","001","総人口","01062","61歳","00000","全国","1001","平成29年10月1日現在","千人","1528"
"001","男女計","001","総人口","01063","62歳","00000","全国","1001","平成29年10月1日現在","千人","1577"
"001","男女計","001","総人口","01064","63歳","00000","全国","1001","平成29年10月1日現在","千人","1574"
"001","男女計","001","総人口","01065","64歳","00000","全国","1001","平成29年10月1日現在","千人","1670"
"001","男女計","001","総人口","01066","65歳","00000","全国","1001","平成29年10月1日現在","千人","1763"
"001","男女計","001","総人口","01067","66歳","00000","全国","1001","平成29年10月1日現在","千人","1860"
"001","男女計","001","総人口","01068","67歳","00000","全国","1001","平成29年10月1日現在","千人","1989"
"001","男女計","001","総人口","01069","68歳","00000","全国","1001","平成29年10月1日現在","千人","2170"
"001","男女計","001","総人口","01070","69歳","00000","全国","1001","平成29年10月1日現在","千人","2139"
"001","男女計","001","総人口","01071","70歳","00000","全国","1001","平成29年10月1日現在","千人","2018"
"001","男女計","001","総人口","01072","71歳","00000","全国","1001","平成29年10月1日現在","千人","1251"
"001","男女計","001","総人口","01073","72歳","00000","全国","1001","平成29年10月1日現在","千人","1332"
"001","男女計","001","総人口","01074","73歳","00000","全国","1001","平成29年10月1日現在","千人","1607"
"001","男女計","001","総人口","01075","74歳","00000","全国","1001","平成29年10月1日現在","千人","1541"
"001","男女計","001","総人口","01076","75歳","00000","全国","1001","平成29年10月1日現在","千人","1564"
"001","男女計","001","総人口","01077","76歳","00000","全国","1001","平成29年10月1日現在","千人","1499"
"001","男女計","001","総人口","01078","77歳","00000","全国","1001","平成29年10月1日現在","千人","1339"
"001","男女計","001","総人口","01079","78歳","00000","全国","1001","平成29年10月1日現在","千人","1143"
"001","男女計","001","総人口","01080","79歳","00000","全国","1001","平成29年10月1日現在","千人","1192"
"001","男女計","001","総人口","01081","80歳","00000","全国","1001","平成29年10月1日現在","千人","1191"
"001","男女計","001","総人口","01082","81歳","00000","全国","1001","平成29年10月1日現在","千人","1155"
"001","男女計","001","総人口","01083","82歳","00000","全国","1001","平成29年10月1日現在","千人","1064"
"001","男女計","001","総人口","01084","83歳","00000","全国","1001","平成29年10月1日現在","千人","965"
"001","男女計","001","総人口","01085","84歳","00000","全国","1001","平成29年10月1日現在","千人","919"
"001","男女計","001","総人口","01086","85歳","00000","全国","1001","平成29年10月1日現在","千人","845"
"001","男女計","001","総人口","01087","86歳","00000","全国","1001","平成29年10月1日現在","千人","762"
"001","男女計","001","総人口","01088","87歳","00000","全国","1001","平成29年10月1日現在","千人","666"
"001","男女計","001","総人口","01089","88歳","00000","全国","1001","平成29年10月1日現在","千人","598"
"001","男女計","001","総人口","01090","89歳","00000","全国","1001","平成29年10月1日現在","千人","525"
"001","男女計","001","総人口","01091","90歳","00000","全国","1001","平成29年10月1日現在","千人","453"
"001","男女計","001","総人口","01092","91歳","00000","全国","1001","平成29年10月1日現在","千人","387"
"001","男女計","001","総人口","01093","92歳","00000","全国","1001","平成29年10月1日現在","千人","311"
"001","男女計","001","総人口","01094","93歳","00000","全国","1001","平成29年10月1日現在","千人","241"
"001","男女計","001","総人口","01095","94歳","00000","全国","1001","平成29年10月1日現在","千人","190"
"001","男女計","001","総人口","01096","95歳","00000","全国","1001","平成29年10月1日現在","千人","138"
"001","男女計","001","総人口","01097","96歳","00000","全国","1001","平成29年10月1日現在","千人","103"
"001","男女計","001","総人口","01098","97歳","00000","全国","1001","平成29年10月1日現在","千人","81"
"001","男女計","001","総人口","01099","98歳","00000","全国","1001","平成29年10月1日現在","千人","48"
"001","男女計","001","総人口","01100","99歳","00000","全国","1001","平成29年10月1日現在","千人","35"
"001","男女計","001","総人口","01101","100歳以上","00000","全国","1001","平成29年10月1日現在","千人","67"
"001","男女計","002","日本人人口","01000","総数","00000","全国","1001","平成29年10月1日現在","千人","124648"
"001","男女計","002","日本人人口","01001","0歳","00000","全国","1001","平成29年10月1日現在","千人","947"
"001","男女計","002","日本人人口","01002","1歳","00000","全国","1001","平成29年10月1日現在","千人","985"
"001","男女計","002","日本人人口","01003","2歳","00000","全国","1001","平成29年10月1日現在","千人","946"
"001","男女計","002","日本人人口","01004","3歳","00000","全国","1001","平成29年10月1日現在","千人","960"
"001","男女計","002","日本人人口","01005","4歳","00000","全国","1001","平成29年10月1日現在","千人","997"
"001","男女計","002","日本人人口","01006","5歳","00000","全国","1001","平成29年10月1日現在","千人","1004"
"001","男女計","002","日本人人口","01007","6歳","00000","全国","1001","平成29年10月1日現在","千人","1033"
"001","男女計","002","日本人人口","01008","7歳","00000","全国","1001","平成29年10月1日現在","千人","1037"
"001","男女計","002","日本人人口","01009","8歳","00000","全国","1001","平成29年10月1日現在","千人","1049"
"001","男女計","002","日本人人口","01010","9歳","00000","全国","1001","平成29年10月1日現在","千人","1069"
"001","男女計","002","日本人人口","01011","10歳","00000","全国","1001","平成29年10月1日現在","千人","1061"
"001","男女計","002","日本人人口","01012","11歳","00000","全国","1001","平成29年10月1日現在","千人","1054"
"001","男女計","002","日本人人口","01013","12歳","00000","全国","1001","平成29年10月1日現在","千人","1057"
"001","男女計","002","日本人人口","01014","13歳","00000","全国","1001","平成29年10月1日現在","千人","1095"
"001","男女計","002","日本人人口","01015","14歳","00000","全国","1001","平成29年10月1日現在","千人","1115"
"001","男女計","002","日本人人口","01016","15歳","00000","全国","1001","平成29年10月1日現在","千人","1148"
"001","男女計","002","日本人人口","01017","16歳","00000","全国","1001","平成29年10月1日現在","千人","1163"
"001","男女計","002","日本人人口","01018","17歳","00000","全国","1001","平成29年10月1日現在","千人","1189"
"001","男女計","002","日本人人口","01019","18歳","00000","全国","1001","平成29年10月1日現在","千人","1191"
"001","男女計","002","日本人人口","01020","19歳","00000","全国","1001","平成29年10月1日現在","千人","1206"
"001","男女計","002","日本人人口","01021","20歳","00000","全国","1001","平成29年10月1日現在","千人","1194"
"001","男女計","002","日本人人口","01022","21歳","00000","全国","1001","平成29年10月1日現在","千人","1180"
"001","男女計","002","日本人人口","01023","22歳","00000","全国","1001","平成29年10月1日現在","千人","1198"
"001","男女計","002","日本人人口","01024","23歳","00000","全国","1001","平成29年10月1日現在","千人","1189"
"001","男女計","002","日本人人口","01025","24歳","00000","全国","1001","平成29年10月1日現在","千人","1160"
"001","男女計","002","日本人人口","01026","25歳","00000","全国","1001","平成29年10月1日現在","千人","1173"
"001","男女計","002","日本人人口","01027","26歳","00000","全国","1001","平成29年10月1日現在","千人","1166"
"001","男女計","002","日本人人口","01028","27歳","00000","全国","1001","平成29年10月1日現在","千人","1184"
"001","男女計","002","日本人人口","01029","28歳","00000","全国","1001","平成29年10月1日現在","千人","1216"
"001","男女計","002","日本人人口","01030","29歳","00000","全国","1001","平成29年10月1日現在","千人","1261"
"001","男女計","002","日本人人口","01031","30歳","00000","全国","1001","平成29年10月1日現在","千人","1298"
"001","男女計","002","日本人人口","01032","31歳","00000","全国","1001","平成29年10月1日現在","千人","1325"
"001","男女計","002","日本人人口","01033","32歳","00000","全国","1001","平成29年10月1日現在","千人","1381"
"001","男女計","002","日本人人口","01034","33歳","00000","全国","1001","平成29年10月1日現在","千人","1429"
"001","男女計","002","日本人人口","01035","34歳","00000","全国","1001","平成29年10月1日現在","千人","1449"
"001","男女計","002","日本人人口","01036","35歳","00000","全国","1001","平成29年10月1日現在","千人","1450"
"001","男女計","002","日本人人口","01037","36歳","00000","全国","1001","平成29年10月1日現在","千人","1471"
"001","男女計","002","日本人人口","01038","37歳","00000","全国","1001","平成29年10月1日現在","千人","1537"
"001","男女計","002","日本人人口","01039","38歳","00000","全国","1001","平成29年10月1日現在","千人","1580"
"001","男女計","002","日本人人口","01040","39歳","00000","全国","1001","平成29年10月1日現在","千人","1645"
"001","男女計","002","日本人人口","01041","40歳","00000","全国","1001","平成29年10月1日現在","千人","1692"
"001","男女計","002","日本人人口","01042","41歳","00000","全国","1001","平成29年10月1日現在","千人","1776"
"001","男女計","002","日本人人口","01043","42歳","00000","全国","1001","平成29年10月1日現在","千人","1857"
"001","男女計","002","日本人人口","01044","43歳","00000","全国","1001","平成29年10月1日現在","千人","1961"
"001","男女計","002","日本人人口","01045","44歳","00000","全国","1001","平成29年10月1日現在","千人","1995"
"001","男女計","002","日本人人口","01046","45歳","00000","全国","1001","平成29年10月1日現在","千人","1957"
"001","男女計","002","日本人人口","01047","46歳","00000","全国","1001","平成29年10月1日現在","千人","1904"
"001","男女計","002","日本人人口","01048","47歳","00000","全国","1001","平成29年10月1日現在","千人","1845"
"001","男女計","002","日本人人口","01049","48歳","00000","全国","1001","平成29年10月1日現在","千人","1817"
"001","男女計","002","日本人人口","01050","49歳","00000","全国","1001","平成29年10月1日現在","千人","1776"
"001","男女計","002","日本人人口","01051","50歳","00000","全国","1001","平成29年10月1日現在","千人","1775"
"001","男女計","002","日本人人口","01052","51歳","00000","全国","1001","平成29年10月1日現在","千人","1383"
"001","男女計","002","日本人人口","01053","52歳","00000","全国","1001","平成29年10月1日現在","千人","1711"
"001","男女計","002","日本人人口","01054","53歳","00000","全国","1001","平成29年10月1日現在","千人","1601"
"001","男女計","002","日本人人口","01055","54歳","00000","全国","1001","平成29年10月1日現在","千人","1560"
"001","男女計","002","日本人人口","01056","55歳","00000","全国","1001","平成29年10月1日現在","千人","1510"
"001","男女計","002","日本人人口","01057","56歳","00000","全国","1001","平成29年10月1日現在","千人","1487"
"001","男女計","002","日本人人口","01058","57歳","00000","全国","1001","平成29年10月1日現在","千人","1497"
"001","男女計","002","日本人人口","01059","58歳","00000","全国","1001","平成29年10月1日現在","千人","1526"
"001","男女計","002","日本人人口","01060","59歳","00000","全国","1001","平成29年10月1日現在","千人","1483"
"001","男女計","002","日本人人口","01061","60歳","00000","全国","1001","平成29年10月1日現在","千人","1441"
"001","男女計","002","日本人人口","01062","61歳","00000","全国","1001","平成29年10月1日現在","千人","1514"
"001","男女計","002","日本人人口","01063","62歳","00000","全国","1001","平成29年10月1日現在","千人","1563"
"001","男女計","002","日本人人口","01064","63歳","00000","全国","1001","平成29年10月1日現在","千人","1561"
"001","男女計","002","日本人人口","01065","64歳","00000","全国","1001","平成29年10月1日現在","千人","1658"
"001","男女計","002","日本人人口","01066","65歳","00000","全国","1001","平成29年10月1日現在","千人","1751"
"001","男女計","002","日本人人口","01067","66歳","00000","全国","1001","平成29年10月1日現在","千人","1849"
"001","男女計","002","日本人人口","01068","67歳","00000","全国","1001","平成29年10月1日現在","千人","1979"
"001","男女計","002","日本人人口","01069","68歳","00000","全国","1001","平成29年10月1日現在","千人","2160"
"001","男女計","002","日本人人口","01070","69歳","00000","全国","1001","平成29年10月1日現在","千人","2129"
"001","男女計","002","日本人人口","01071","70歳","00000","全国","1001","平成29年10月1日現在","千人","2009"
"001","男女計","002","日本人人口","01072","71歳","00000","全国","1001","平成29年10月1日現在","千人","1244"
"001","男女計","002","日本人人口","01073","72歳","00000","全国","1001","平成29年10月1日現在","千人","1325"
"001","男女計","002","日本人人口","01074","73歳","00000","全国","1001","平成29年10月1日現在","千人","1600"
"001","男女計","002","日本人人口","01075","74歳","00000","全国","1001","平成29年10月1日現在","千人","1534"
"001","男女計","002","日本人人口","01076","75歳","00000","全国","1001","平成29年10月1日現在","千人","1558"
"001","男女計","002","日本人人口","01077","76歳","00000","全国","1001","平成29年10月1日現在","千人","1493"
"001","男女計","002","日本人人口","01078","77歳","00000","全国","1001","平成29年10月1日現在","千人","1334"
"001","男女計","002","日本人人口","01079","78歳","00000","全国","1001","平成29年10月1日現在","千人","1138"
"001","男女計","002","日本人人口","01080","79歳","00000","全国","1001","平成29年10月1日現在","千人","1188"
"001","男女計","002","日本人人口","01081","80歳","00000","全国","1001","平成29年10月1日現在","千人","1187"
"001","男女計","002","日本人人口","01082","81歳","00000","全国","1001","平成29年10月1日現在","千人","1152"
"001","男女計","002","日本人人口","01083","82歳","00000","全国","1001","平成29年10月1日現在","千人","1060"
"001","男女計","002","日本人人口","01084","83歳","00000","全国","1001","平成29年10月1日現在","千人","962"
"001","男女計","002","日本人人口","01085","84歳","00000","全国","1001","平成29年10月1日現在","千人","916"
"001","男女計","002","日本人人口","01086","85歳","00000","全国","1001","平成29年10月1日現在","千人","842"
"001","男女計","002","日本人人口","01087","86歳","00000","全国","1001","平成29年10月1日現在","千人","760"
"001","男女計","002","日本人人口","01088","87歳","00000","全国","1001","平成29年10月1日現在","千人","665"
"001","男女計","002","日本人人口","01089","88歳","00000","全国","1001","平成29年10月1日現在","千人","596"
"001","男女計","002","日本人人口","01090","89歳","00000","全国","1001","平成29年10月1日現在","千人","524"
"001","男女計","002","日本人人口","01091","90歳","00000","全国","1001","平成29年10月1日現在","千人","452"
"001","男女計","002","日本人人口","01092","91歳","00000","全国","1001","平成29年10月1日現在","千人","387"
"001","男女計","002","日本人人口","01093","92歳","00000","全国","1001","平成29年10月1日現在","千人","310"
"001","男女計","002","日本人人口","01094","93歳","00000","全国","1001","平成29年10月1日現在","千人","241"
"001","男女計","002","日本人人口","01095","94歳","00000","全国","1001","平成29年10月1日現在","千人","189"
"001","男女計","002","日本人人口","01096","95歳","00000","全国","1001","平成29年10月1日現在","千人","138"
"001","男女計","002","日本人人口","01097","96歳","00000","全国","1001","平成29年10月1日現在","千人","103"
"001","男女計","002","日本人人口","01098","97歳","00000","全国","1001","平成29年10月1日現在","千人","81"
"001","男女計","002","日本人人口","01099","98歳","00000","全国","1001","平成29年10月1日現在","千人","47"
"001","男女計","002","日本人人口","01100","99歳","00000","全国","1001","平成29年10月1日現在","千人","35"
"001","男女計","002","日本人人口","01101","100歳以上","00000","全国","1001","平成29年10月1日現在","千人","67"
"002","男","001","総人口","01000","総数","00000","全国","1001","平成29年10月1日現在","千人","61655"
"002","男","001","総人口","01001","0歳","00000","全国","1001","平成29年10月1日現在","千人","493"
"002","男","001","総人口","01002","1歳","00000","全国","1001","平成29年10月1日現在","千人","514"
"002","男","001","総人口","01003","2歳","00000","全国","1001","平成29年10月1日現在","千人","490"
"002","男","001","総人口","01004","3歳","00000","全国","1001","平成29年10月1日現在","千人","499"
"002","男","001","総人口","01005","4歳","00000","全国","1001","平成29年10月1日現在","千人","517"
"002","男","001","総人口","01006","5歳","00000","全国","1001","平成29年10月1日現在","千人","520"
"002","男","001","総人口","01007","6歳","00000","全国","1001","平成29年10月1日現在","千人","536"
"002","男","001","総人口","01008","7歳","00000","全国","1001","平成29年10月1日現在","千人","538"
"002","男","001","総人口","01009","8歳","00000","全国","1001","平成29年10月1日現在","千人","543"
"002","男","001","総人口","01010","9歳","00000","全国","1001","平成29年10月1日現在","千人","553"
"002","男","001","総人口","01011","10歳","00000","全国","1001","平成29年10月1日現在","千人","549"
"002","男","001","総人口","01012","11歳","00000","全国","1001","平成29年10月1日現在","千人","545"
"002","男","001","総人口","01013","12歳","00000","全国","1001","平成29年10月1日現在","千人","546"
"002","男","001","総人口","01014","13歳","00000","全国","1001","平成29年10月1日現在","千人","565"
"002","男","001","総人口","01015","14歳","00000","全国","1001","平成29年10月1日現在","千人","576"
"002","男","001","総人口","01016","15歳","00000","全国","1001","平成29年10月1日現在","千人","594"
"002","男","001","総人口","01017","16歳","00000","全国","1001","平成29年10月1日現在","千人","602"
"002","男","001","総人口","01018","17歳","00000","全国","1001","平成29年10月1日現在","千人","619"
"002","男","001","総人口","01019","18歳","00000","全国","1001","平成29年10月1日現在","千人","623"
"002","男","001","総人口","01020","19歳","00000","全国","1001","平成29年10月1日現在","千人","641"
"002","男","001","総人口","01021","20歳","00000","全国","1001","平成29年10月1日現在","千人","641"
"002","男","001","総人口","01022","21歳","00000","全国","1001","平成29年10月1日現在","千人","639"
"002","男","001","総人口","01023","22歳","00000","全国","1001","平成29年10月1日現在","千人","649"
"002","男","001","総人口","01024","23歳","00000","全国","1001","平成29年10月1日現在","千人","645"
"002","男","001","総人口","01025","24歳","00000","全国","1001","平成29年10月1日現在","千人","631"
"002","男","001","総人口","01026","25歳","00000","全国","1001","平成29年10月1日現在","千人","635"
"002","男","001","総人口","01027","26歳","00000","全国","1001","平成29年10月1日現在","千人","628"
"002","男","001","総人口","01028","27歳","00000","全国","1001","平成29年10月1日現在","千人","637"
"002","男","001","総人口","01029","28歳","00000","全国","1001","平成29年10月1日現在","千人","650"
"002","男","001","総人口","01030","29歳","00000","全国","1001","平成29年10月1日現在","千人","671"
"002","男","001","総人口","01031","30歳","00000","全国","1001","平成29年10月1日現在","千人","688"
"002","男","001","総人口","01032","31歳","00000","全国","1001","平成29年10月1日現在","千人","700"
"002","男","001","総人口","01033","32歳","00000","全国","1001","平成29年10月1日現在","千人","724"
"002","男","001","総人口","01034","33歳","00000","全国","1001","平成29年10月1日現在","千人","746"
"002","男","001","総人口","01035","34歳","00000","全国","1001","平成29年10月1日現在","千人","758"
"002","男","001","総人口","01036","35歳","00000","全国","1001","平成29年10月1日現在","千人","757"
"002","男","001","総人口","01037","36歳","00000","全国","1001","平成29年10月1日現在","千人","767"
"002","男","001","総人口","01038","37歳","00000","全国","1001","平成29年10月1日現在","千人","799"
"002","男","001","総人口","01039","38歳","00000","全国","1001","平成29年10月1日現在","千人","821"
"002","男","001","総人口","01040","39歳","00000","全国","1001","平成29年10月1日現在","千人","852"
"002","男","001","総人口","01041","40歳","00000","全国","1001","平成29年10月1日現在","千人","875"
"002","男","001","総人口","01042","41歳","00000","全国","1001","平成29年10月1日現在","千人","917"
"002","男","001","総人口","01043","42歳","00000","全国","1001","平成29年10月1日現在","千人","957"
"002","男","001","総人口","01044","43歳","00000","全国","1001","平成29年10月1日現在","千人","1011"
"002","男","001","総人口","01045","44歳","00000","全国","1001","平成29年10月1日現在","千人","1024"
"002","男","001","総人口","01046","45歳","00000","全国","1001","平成29年10月1日現在","千人","1008"
"002","男","001","総人口","01047","46歳","00000","全国","1001","平成29年10月1日現在","千人","978"
"002","男","001","総人口","01048","47歳","00000","全国","1001","平成29年10月1日現在","千人","949"
"002","男","001","総人口","01049","48歳","00000","全国","1001","平成29年10月1日現在","千人","932"
"002","男","001","総人口","01050","49歳","00000","全国","1001","平成29年10月1日現在","千人","910"
"002","男","001","総人口","01051","50歳","00000","全国","1001","平成29年10月1日現在","千人","908"
"002","男","001","総人口","01052","51歳","00000","全国","1001","平成29年10月1日現在","千人","707"
"002","男","001","総人口","01053","52歳","00000","全国","1001","平成29年10月1日現在","千人","873"
"002","男","001","総人口","01054","53歳","00000","全国","1001","平成29年10月1日現在","千人","817"
"002","男","001","総人口","01055","54歳","00000","全国","1001","平成29年10月1日現在","千人","794"
"002","男","001","総人口","01056","55歳","00000","全国","1001","平成29年10月1日現在","千人","766"
"002","男","001","総人口","01057","56歳","00000","全国","1001","平成29年10月1日現在","千人","753"
"002","男","001","総人口","01058","57歳","00000","全国","1001","平成29年10月1日現在","千人","755"
"002","男","001","総人口","01059","58歳","00000","全国","1001","平成29年10月1日現在","千人","768"
"002","男","001","総人口","01060","59歳","00000","全国","1001","平成29年10月1日現在","千人","744"
"002","男","001","総人口","01061","60歳","00000","全国","1001","平成29年10月1日現在","千人","721"
"002","男","001","総人口","01062","61歳","00000","全国","1001","平成29年10月1日現在","千人","755"
"002","男","001","総人口","01063","62歳","00000","全国","1001","平成29年10月1日現在","千人","779"
"002","男","001","総人口","01064","63歳","00000","全国","1001","平成29年10月1日現在","千人","774"
"002","男","001","総人口","01065","64歳","00000","全国","1001","平成29年10月1日現在","千人","817"
"002","男","001","総人口","01066","65歳","00000","全国","1001","平成29年10月1日現在","千人","860"
"002","男","001","総人口","01067","66歳","00000","全国","1001","平成29年10月1日現在","千人","904"
"002","男","001","総人口","01068","67歳","00000","全国","1001","平成29年10月1日現在","千人","963"
"002","男","001","総人口","01069","68歳","00000","全国","1001","平成29年10月1日現在","千人","1046"
"002","男","001","総人口","01070","69歳","00000","全国","1001","平成29年10月1日現在","千人","1026"
"002","男","001","総人口","01071","70歳","00000","全国","1001","平成29年10月1日現在","千人","965"
"002","男","001","総人口","01072","71歳","00000","全国","1001","平成29年10月1日現在","千人","591"
"002","男","001","総人口","01073","72歳","00000","全国","1001","平成29年10月1日現在","千人","621"
"002","男","001","総人口","01074","73歳","00000","全国","1001","平成29年10月1日現在","千人","743"
"002","男","001","総人口","01075","74歳","00000","全国","1001","平成29年10月1日現在","千人","708"
"002","男","001","総人口","01076","75歳","00000","全国","1001","平成29年10月1日現在","千人","713"
"002","男","001","総人口","01077","76歳","00000","全国","1001","平成29年10月1日現在","千人","678"
"002","男","001","総人口","01078","77歳","00000","全国","1001","平成29年10月1日現在","千人","598"
"002","男","001","総人口","01079","78歳","00000","全国","1001","平成29年10月1日現在","千人","504"
"002","男","001","総人口","01080","79歳","00000","全国","1001","平成29年10月1日現在","千人","517"
"002","男","001","総人口","01081","80歳","00000","全国","1001","平成29年10月1日現在","千人","508"
"002","男","001","総人口","01082","81歳","00000","全国","1001","平成29年10月1日現在","千人","483"
"002","男","001","総人口","01083","82歳","00000","全国","1001","平成29年10月1日現在","千人","433"
"002","男","001","総人口","01084","83歳","00000","全国","1001","平成29年10月1日現在","千人","382"
"002","男","001","総人口","01085","84歳","00000","全国","1001","平成29年10月1日現在","千人","351"
"002","男","001","総人口","01086","85歳","00000","全国","1001","平成29年10月1日現在","千人","314"
"002","男","001","総人口","01087","86歳","00000","全国","1001","平成29年10月1日現在","千人","272"
"002","男","001","総人口","01088","87歳","00000","全国","1001","平成29年10月1日現在","千人","228"
"002","男","001","総人口","01089","88歳","00000","全国","1001","平成29年10月1日現在","千人","195"
"002","男","001","総人口","01090","89歳","00000","全国","1001","平成29年10月1日現在","千人","164"
"002","男","001","総人口","01091","90歳","00000","全国","1001","平成29年10月1日現在","千人","135"
"002","男","001","総人口","01092","91歳","00000","全国","1001","平成29年10月1日現在","千人","108"
"002","男","001","総人口","01093","92歳","00000","全国","1001","平成29年10月1日現在","千人","79"
"002","男","001","総人口","01094","93歳","00000","全国","1001","平成29年10月1日現在","千人","56"
"002","男","001","総人口","01095","94歳","00000","全国","1001","平成29年10月1日現在","千人","39"
"002","男","001","総人口","01096","95歳","00000","全国","1001","平成29年10月1日現在","千人","26"
"002","男","001","総人口","01097","96歳","00000","全国","1001","平成29年10月1日現在","千人","18"
"002","男","001","総人口","01098","97歳","00000","全国","1001","平成29年10月1日現在","千人","13"
"002","男","001","総人口","01099","98歳","00000","全国","1001","平成29年10月1日現在","千人","7"
"002","男","001","総人口","01100","99歳","00000","全国","1001","平成29年10月1日現在","千人","5"
"002","男","001","総人口","01101","100歳以上","00000","全国","1001","平成29年10月1日現在","千人","9"
"002","男","002","日本人人口","01000","総数","00000","全国","1001","平成29年10月1日現在","千人","60676"
"002","男","002","日本人人口","01001","0歳","00000","全国","1001","平成29年10月1日現在","千人","485"
"002","男","002","日本人人口","01002","1歳","00000","全国","1001","平成29年10月1日現在","千人","506"
"002","男","002","日本人人口","01003","2歳","00000","全国","1001","平成29年10月1日現在","千人","483"
"002","男","002","日本人人口","01004","3歳","00000","全国","1001","平成29年10月1日現在","千人","491"
"002","男","002","日本人人口","01005","4歳","00000","全国","1001","平成29年10月1日現在","千人","509"
"002","男","002","日本人人口","01006","5歳","00000","全国","1001","平成29年10月1日現在","千人","513"
"002","男","002","日本人人口","01007","6歳","00000","全国","1001","平成29年10月1日現在","千人","529"
"002","男","002","日本人人口","01008","7歳","00000","全国","1001","平成29年10月1日現在","千人","532"
"002","男","002","日本人人口","01009","8歳","00000","全国","1001","平成29年10月1日現在","千人","537"
"002","男","002","日本人人口","01010","9歳","00000","全国","1001","平成29年10月1日現在","千人","548"
"002","男","002","日本人人口","01011","10歳","00000","全国","1001","平成29年10月1日現在","千人","544"
"002","男","002","日本人人口","01012","11歳","00000","全国","1001","平成29年10月1日現在","千人","540"
"002","男","002","日本人人口","01013","12歳","00000","全国","1001","平成29年10月1日現在","千人","541"
"002","男","002","日本人人口","01014","13歳","00000","全国","1001","平成29年10月1日現在","千人","560"
"002","男","002","日本人人口","01015","14歳","00000","全国","1001","平成29年10月1日現在","千人","571"
"002","男","002","日本人人口","01016","15歳","00000","全国","1001","平成29年10月1日現在","千人","588"
"002","男","002","日本人人口","01017","16歳","00000","全国","1001","平成29年10月1日現在","千人","597"
"002","男","002","日本人人口","01018","17歳","00000","全国","1001","平成29年10月1日現在","千人","613"
"002","男","002","日本人人口","01019","18歳","00000","全国","1001","平成29年10月1日現在","千人","612"
"002","男","002","日本人人口","01020","19歳","00000","全国","1001","平成29年10月1日現在","千人","620"
"002","男","002","日本人人口","01021","20歳","00000","全国","1001","平成29年10月1日現在","千人","614"
"002","男","002","日本人人口","01022","21歳","00000","全国","1001","平成29年10月1日現在","千人","608"
"002","男","002","日本人人口","01023","22歳","00000","全国","1001","平成29年10月1日現在","千人","614"
"002","男","002","日本人人口","01024","23歳","00000","全国","1001","平成29年10月1日現在","千人","609"
"002","男","002","日本人人口","01025","24歳","00000","全国","1001","平成29年10月1日現在","千人","594"
"002","男","002","日本人人口","01026","25歳","00000","全国","1001","平成29年10月1日現在","千人","600"
"002","男","002","日本人人口","01027","26歳","00000","全国","1001","平成29年10月1日現在","千人","596"
"002","男","002","日本人人口","01028","27歳","00000","全国","1001","平成29年10月1日現在","千人","604"
"002","男","002","日本人人口","01029","28歳","00000","全国","1001","平成29年10月1日現在","千人","620"
"002","男","002","日本人人口","01030","29歳","00000","全国","1001","平成29年10月1日現在","千人","644"
"002","男","002","日本人人口","01031","30歳","00000","全国","1001","平成29年10月1日現在","千人","662"
"002","男","002","日本人人口","01032","31歳","00000","全国","1001","平成29年10月1日現在","千人","676"
"002","男","002","日本人人口","01033","32歳","00000","全国","1001","平成29年10月1日現在","千人","702"
"002","男","002","日本人人口","01034","33歳","00000","全国","1001","平成29年10月1日現在","千人","725"
"002","男","002","日本人人口","01035","34歳","00000","全国","1001","平成29年10月1日現在","千人","737"
"002","男","002","日本人人口","01036","35歳","00000","全国","1001","平成29年10月1日現在","千人","737"
"002","男","002","日本人人口","01037","36歳","00000","全国","1001","平成29年10月1日現在","千人","748"
"002","男","002","日本人人口","01038","37歳","00000","全国","1001","平成29年10月1日現在","千人","782"
"002","男","002","日本人人口","01039","38歳","00000","全国","1001","平成29年10月1日現在","千人","804"
"002","男","002","日本人人口","01040","39歳","00000","全国","1001","平成29年10月1日現在","千人","837"
"002","男","002","日本人人口","01041","40歳","00000","全国","1001","平成29年10月1日現在","千人","861"
"002","男","002","日本人人口","01042","41歳","00000","全国","1001","平成29年10月1日現在","千人","903"
"002","男","002","日本人人口","01043","42歳","00000","全国","1001","平成29年10月1日現在","千人","944"
"002","男","002","日本人人口","01044","43歳","00000","全国","1001","平成29年10月1日現在","千人","997"
"002","男","002","日本人人口","01045","44歳","00000","全国","1001","平成29年10月1日現在","千人","1011"
"002","男","002","日本人人口","01046","45歳","00000","全国","1001","平成29年10月1日現在","千人","995"
"002","男","002","日本人人口","01047","46歳","00000","全国","1001","平成29年10月1日現在","千人","966"
"002","男","002","日本人人口","01048","47歳","00000","全国","1001","平成29年10月1日現在","千人","936"
"002","男","002","日本人人口","01049","48歳","00000","全国","1001","平成29年10月1日現在","千人","920"
"002","男","002","日本人人口","01050","49歳","00000","全国","1001","平成29年10月1日現在","千人","899"
"002","男","002","日本人人口","01051","50歳","00000","全国","1001","平成29年10月1日現在","千人","897"
"002","男","002","日本人人口","01052","51歳","00000","全国","1001","平成29年10月1日現在","千人","697"
"002","男","002","日本人人口","01053","52歳","00000","全国","1001","平成29年10月1日現在","千人","862"
"002","男","002","日本人人口","01054","53歳","00000","全国","1001","平成29年10月1日現在","千人","807"
"002","男","002","日本人人口","01055","54歳","00000","全国","1001","平成29年10月1日現在","千人","784"
"002","男","002","日本人人口","01056","55歳","00000","全国","1001","平成29年10月1日現在","千人","758"
"002","男","002","日本人人口","01057","56歳","00000","全国","1001","平成29年10月1日現在","千人","745"
"002","男","002","日本人人口","01058","57歳","00000","全国","1001","平成29年10月1日現在","千人","748"
"002","男","002","日本人人口","01059","58歳","00000","全国","1001","平成29年10月1日現在","千人","761"
"002","男","002","日本人人口","01060","59歳","00000","全国","1001","平成29年10月1日現在","千人","737"
"002","男","002","日本人人口","01061","60歳","00000","全国","1001","平成29年10月1日現在","千人","715"
"002","男","002","日本人人口","01062","61歳","00000","全国","1001","平成29年10月1日現在","千人","749"
"002","男","002","日本人人口","01063","62歳","00000","全国","1001","平成29年10月1日現在","千人","773"
"002","男","002","日本人人口","01064","63歳","00000","全国","1001","平成29年10月1日現在","千人","769"
"002","男","002","日本人人口","01065","64歳","00000","全国","1001","平成29年10月1日現在","千人","812"
"002","男","002","日本人人口","01066","65歳","00000","全国","1001","平成29年10月1日現在","千人","854"
"002","男","002","日本人人口","01067","66歳","00000","全国","1001","平成29年10月1日現在","千人","899"
"002","男","002","日本人人口","01068","67歳","00000","全国","1001","平成29年10月1日現在","千人","957"
"002","男","002","日本人人口","01069","68歳","00000","全国","1001","平成29年10月1日現在","千人","1041"
"002","男","002","日本人人口","01070","69歳","00000","全国","1001","平成29年10月1日現在","千人","1021"
"002","男","002","日本人人口","01071","70歳","00000","全国","1001","平成29年10月1日現在","千人","961"
"002","男","002","日本人人口","01072","71歳","00000","全国","1001","平成29年10月1日現在","千人","588"
"002","男","002","日本人人口","01073","72歳","00000","全国","1001","平成29年10月1日現在","千人","618"
"002","男","002","日本人人口","01074","73歳","00000","全国","1001","平成29年10月1日現在","千人","740"
"002","男","002","日本人人口","01075","74歳","00000","全国","1001","平成29年10月1日現在","千人","705"
"002","男","002","日本人人口","01076","75歳","00000","全国","1001","平成29年10月1日現在","千人","710"
"002","男","002","日本人人口","01077","76歳","00000","全国","1001","平成29年10月1日現在","千人","675"
"002","男","002","日本人人口","01078","77歳","00000","全国","1001","平成29年10月1日現在","千人","596"
"002","男","002","日本人人口","01079","78歳","00000","全国","1001","平成29年10月1日現在","千人","502"
"002","男","002","日本人人口","01080","79歳","00000","全国","1001","平成29年10月1日現在","千人","515"
"002","男","002","日本人人口","01081","80歳","00000","全国","1001","平成29年10月1日現在","千人","506"
"002","男","002","日本人人口","01082","81歳","00000","全国","1001","平成29年10月1日現在","千人","482"
"002","男","002","日本人人口","01083","82歳","00000","全国","1001","平成29年10月1日現在","千人","432"
"002","男","002","日本人人口","01084","83歳","00000","全国","1001","平成29年10月1日現在","千人","381"
"002","男","002","日本人人口","01085","84歳","00000","全国","1001","平成29年10月1日現在","千人","350"
"002","男","002","日本人人口","01086","85歳","00000","全国","1001","平成29年10月1日現在","千人","314"
"002","男","002","日本人人口","01087","86歳","00000","全国","1001","平成29年10月1日現在","千人","272"
"002","男","002","日本人人口","01088","87歳","00000","全国","1001","平成29年10月1日現在","千人","228"
"002","男","002","日本人人口","01089","88歳","00000","全国","1001","平成29年10月1日現在","千人","194"
"002","男","002","日本人人口","01090","89歳","00000","全国","1001","平成29年10月1日現在","千人","163"
"002","男","002","日本人人口","01091","90歳","00000","全国","1001","平成29年10月1日現在","千人","134"
"002","男","002","日本人人口","01092","91歳","00000","全国","1001","平成29年10月1日現在","千人","107"
"002","男","002","日本人人口","01093","92歳","00000","全国","1001","平成29年10月1日現在","千人","79"
"002","男","002","日本人人口","01094","93歳","00000","全国","1001","平成29年10月1日現在","千人","56"
"002","男","002","日本人人口","01095","94歳","00000","全国","1001","平成29年10月1日現在","千人","39"
"002","男","002","日本人人口","01096","95歳","00000","全国","1001","平成29年10月1日現在","千人","26"
"002","男","002","日本人人口","01097","96歳","00000","全国","1001","平成29年10月1日現在","千人","18"
"002","男","002","日本人人口","01098","97歳","00000","全国","1001","平成29年10月1日現在","千人","13"
"002","男","002","日本人人口","01099","98歳","00000","全国","1001","平成29年10月1日現在","千人","7"
"002","男","002","日本人人口","01100","99歳","00000","全国","1001","平成29年10月1日現在","千人","5"
"002","男","002","日本人人口","01101","100歳以上","00000","全国","1001","平成29年10月1日現在","千人","9"
"003","女","001","総人口","01000","総数","00000","全国","1001","平成29年10月1日現在","千人","65051"
"003","女","001","総人口","01001","0歳","00000","全国","1001","平成29年10月1日現在","千人","470"
"003","女","001","総人口","01002","1歳","00000","全国","1001","平成29年10月1日現在","千人","486"
"003","女","001","総人口","01003","2歳","00000","全国","1001","平成29年10月1日現在","千人","470"
"003","女","001","総人口","01004","3歳","00000","全国","1001","平成29年10月1日現在","千人","476"
"003","女","001","総人口","01005","4歳","00000","全国","1001","平成29年10月1日現在","千人","495"
"003","女","001","総人口","01006","5歳","00000","全国","1001","平成29年10月1日現在","千人","497"
"003","女","001","総人口","01007","6歳","00000","全国","1001","平成29年10月1日現在","千人","510"
"003","女","001","総人口","01008","7歳","00000","全国","1001","平成29年10月1日現在","千人","511"
"003","女","001","総人口","01009","8歳","00000","全国","1001","平成29年10月1日現在","千人","517"
"003","女","001","総人口","01010","9歳","00000","全国","1001","平成29年10月1日現在","千人","527"
"003","女","001","総人口","01011","10歳","00000","全国","1001","平成29年10月1日現在","千人","523"
"003","女","001","総人口","01012","11歳","00000","全国","1001","平成29年10月1日現在","千人","520"
"003","女","001","総人口","01013","12歳","00000","全国","1001","平成29年10月1日現在","千人","521"
"003","女","001","総人口","01014","13歳","00000","全国","1001","平成29年10月1日現在","千人","540"
"003","女","001","総人口","01015","14歳","00000","全国","1001","平成29年10月1日現在","千人","548"
"003","女","001","総人口","01016","15歳","00000","全国","1001","平成29年10月1日現在","千人","565"
"003","女","001","総人口","01017","16歳","00000","全国","1001","平成29年10月1日現在","千人","572"
"003","女","001","総人口","01018","17歳","00000","全国","1001","平成29年10月1日現在","千人","583"
"003","女","001","総人口","01019","18歳","00000","全国","1001","平成29年10月1日現在","千人","590"
"003","女","001","総人口","01020","19歳","00000","全国","1001","平成29年10月1日現在","千人","607"
"003","女","001","総人口","01021","20歳","00000","全国","1001","平成29年10月1日現在","千人","607"
"003","女","001","総人口","01022","21歳","00000","全国","1001","平成29年10月1日現在","千人","600"
"003","女","001","総人口","01023","22歳","00000","全国","1001","平成29年10月1日現在","千人","611"
"003","女","001","総人口","01024","23歳","00000","全国","1001","平成29年10月1日現在","千人","609"
"003","女","001","総人口","01025","24歳","00000","全国","1001","平成29年10月1日現在","千人","596"
"003","女","001","総人口","01026","25歳","00000","全国","1001","平成29年10月1日現在","千人","599"
"003","女","001","総人口","01027","26歳","00000","全国","1001","平成29年10月1日現在","千人","597"
"003","女","001","総人口","01028","27歳","00000","全国","1001","平成29年10月1日現在","千人","608"
"003","女","001","総人口","01029","28歳","00000","全国","1001","平成29年10月1日現在","千人","623"
"003","女","001","総人口","01030","29歳","00000","全国","1001","平成29年10月1日現在","千人","642"
"003","女","001","総人口","01031","30歳","00000","全国","1001","平成29年10月1日現在","千人","661"
"003","女","001","総人口","01032","31歳","00000","全国","1001","平成29年10月1日現在","千人","672"
"003","女","001","総人口","01033","32歳","00000","全国","1001","平成29年10月1日現在","千人","702"
"003","女","001","総人口","01034","33歳","00000","全国","1001","平成29年10月1日現在","千人","726"
"003","女","001","総人口","01035","34歳","00000","全国","1001","平成29年10月1日現在","千人","736"
"003","女","001","総人口","01036","35歳","00000","全国","1001","平成29年10月1日現在","千人","738"
"003","女","001","総人口","01037","36歳","00000","全国","1001","平成29年10月1日現在","千人","745"
"003","女","001","総人口","01038","37歳","00000","全国","1001","平成29年10月1日現在","千人","778"
"003","女","001","総人口","01039","38歳","00000","全国","1001","平成29年10月1日現在","千人","797"
"003","女","001","総人口","01040","39歳","00000","全国","1001","平成29年10月1日現在","千人","829"
"003","女","001","総人口","01041","40歳","00000","全国","1001","平成29年10月1日現在","千人","851"
"003","女","001","総人口","01042","41歳","00000","全国","1001","平成29年10月1日現在","千人","892"
"003","女","001","総人口","01043","42歳","00000","全国","1001","平成29年10月1日現在","千人","932"
"003","女","001","総人口","01044","43歳","00000","全国","1001","平成29年10月1日現在","千人","982"
"003","女","001","総人口","01045","44歳","00000","全国","1001","平成29年10月1日現在","千人","1002"
"003","女","001","総人口","01046","45歳","00000","全国","1001","平成29年10月1日現在","千人","982"
"003","女","001","総人口","01047","46歳","00000","全国","1001","平成29年10月1日現在","千人","958"
"003","女","001","総人口","01048","47歳","00000","全国","1001","平成29年10月1日現在","千人","929"
"003","女","001","総人口","01049","48歳","00000","全国","1001","平成29年10月1日現在","千人","916"
"003","女","001","総人口","01050","49歳","00000","全国","1001","平成29年10月1日現在","千人","896"
"003","女","001","総人口","01051","50歳","00000","全国","1001","平成29年10月1日現在","千人","893"
"003","女","001","総人口","01052","51歳","00000","全国","1001","平成29年10月1日現在","千人","701"
"003","女","001","総人口","01053","52歳","00000","全国","1001","平成29年10月1日現在","千人","864"
"003","女","001","総人口","01054","53歳","00000","全国","1001","平成29年10月1日現在","千人","809"
"003","女","001","総人口","01055","54歳","00000","全国","1001","平成29年10月1日現在","千人","790"
"003","女","001","総人口","01056","55歳","00000","全国","1001","平成29年10月1日現在","千人","764"
"003","女","001","総人口","01057","56歳","00000","全国","1001","平成29年10月1日現在","千人","753"
"003","女","001","総人口","01058","57歳","00000","全国","1001","平成29年10月1日現在","千人","760"
"003","女","001","総人口","01059","58歳","00000","全国","1001","平成29年10月1日現在","千人","774"
"003","女","001","総人口","01060","59歳","00000","全国","1001","平成29年10月1日現在","千人","755"
"003","女","001","総人口","01061","60歳","00000","全国","1001","平成29年10月1日現在","千人","734"
"003","女","001","総人口","01062","61歳","00000","全国","1001","平成29年10月1日現在","千人","773"
"003","女","001","総人口","01063","62歳","00000","全国","1001","平成29年10月1日現在","千人","798"
"003","女","001","総人口","01064","63歳","00000","全国","1001","平成29年10月1日現在","千人","799"
"003","女","001","総人口","01065","64歳","00000","全国","1001","平成29年10月1日現在","千人","853"
"003","女","001","総人口","01066","65歳","00000","全国","1001","平成29年10月1日現在","千人","903"
"003","女","001","総人口","01067","66歳","00000","全国","1001","平成29年10月1日現在","千人","955"
"003","女","001","総人口","01068","67歳","00000","全国","1001","平成29年10月1日現在","千人","1027"
"003","女","001","総人口","01069","68歳","00000","全国","1001","平成29年10月1日現在","千人","1124"
"003","女","001","総人口","01070","69歳","00000","全国","1001","平成29年10月1日現在","千人","1114"
"003","女","001","総人口","01071","70歳","00000","全国","1001","平成29年10月1日現在","千人","1053"
"003","女","001","総人口","01072","71歳","00000","全国","1001","平成29年10月1日現在","千人","660"
"003","女","001","総人口","01073","72歳","00000","全国","1001","平成29年10月1日現在","千人","711"
"003","女","001","総人口","01074","73歳","00000","全国","1001","平成29年10月1日現在","千人","864"
"003","女","001","総人口","01075","74歳","00000","全国","1001","平成29年10月1日現在","千人","833"
"003","女","001","総人口","01076","75歳","00000","全国","1001","平成29年10月1日現在","千人","852"
"003","女","001","総人口","01077","76歳","00000","全国","1001","平成29年10月1日現在","千人","822"
"003","女","001","総人口","01078","77歳","00000","全国","1001","平成29年10月1日現在","千人","741"
"003","女","001","総人口","01079","78歳","00000","全国","1001","平成29年10月1日現在","千人","639"
"003","女","001","総人口","01080","79歳","00000","全国","1001","平成29年10月1日現在","千人","676"
"003","女","001","総人口","01081","80歳","00000","全国","1001","平成29年10月1日現在","千人","683"
"003","女","001","総人口","01082","81歳","00000","全国","1001","平成29年10月1日現在","千人","672"
"003","女","001","総人口","01083","82歳","00000","全国","1001","平成29年10月1日現在","千人","631"
"003","女","001","総人口","01084","83歳","00000","全国","1001","平成29年10月1日現在","千人","583"
"003","女","001","総人口","01085","84歳","00000","全国","1001","平成29年10月1日現在","千人","567"
"003","女","001","総人口","01086","85歳","00000","全国","1001","平成29年10月1日現在","千人","530"
"003","女","001","総人口","01087","86歳","00000","全国","1001","平成29年10月1日現在","千人","490"
"003","女","001","総人口","01088","87歳","00000","全国","1001","平成29年10月1日現在","千人","438"
"003","女","001","総人口","01089","88歳","00000","全国","1001","平成29年10月1日現在","千人","403"
"003","女","001","総人口","01090","89歳","00000","全国","1001","平成29年10月1日現在","千人","361"
"003","女","001","総人口","01091","90歳","00000","全国","1001","平成29年10月1日現在","千人","319"
"003","女","001","総人口","01092","91歳","00000","全国","1001","平成29年10月1日現在","千人","280"
"003","女","001","総人口","01093","92歳","00000","全国","1001","平成29年10月1日現在","千人","232"
"003","女","001","総人口","01094","93歳","00000","全国","1001","平成29年10月1日現在","千人","185"
"003","女","001","総人口","01095","94歳","00000","全国","1001","平成29年10月1日現在","千人","151"
"003","女","001","総人口","01096","95歳","00000","全国","1001","平成29年10月1日現在","千人","112"
"003","女","001","総人口","01097","96歳","00000","全国","1001","平成29年10月1日現在","千人","85"
"003","女","001","総人口","01098","97歳","00000","全国","1001","平成29年10月1日現在","千人","67"
"003","女","001","総人口","01099","98歳","00000","全国","1001","平成29年10月1日現在","千人","40"
"003","女","001","総人口","01100","99歳","00000","全国","1001","平成29年10月1日現在","千人","30"
"003","女","001","総人口","01101","100歳以上","00000","全国","1001","平成29年10月1日現在","千人","59"
"003","女","002","日本人人口","01000","総数","00000","全国","1001","平成29年10月1日現在","千人","63973"
"003","女","002","日本人人口","01001","0歳","00000","全国","1001","平成29年10月1日現在","千人","462"
"003","女","002","日本人人口","01002","1歳","00000","全国","1001","平成29年10月1日現在","千人","479"
"003","女","002","日本人人口","01003","2歳","00000","全国","1001","平成29年10月1日現在","千人","463"
"003","女","002","日本人人口","01004","3歳","00000","全国","1001","平成29年10月1日現在","千人","468"
"003","女","002","日本人人口","01005","4歳","00000","全国","1001","平成29年10月1日現在","千人","488"
"003","女","002","日本人人口","01006","5歳","00000","全国","1001","平成29年10月1日現在","千人","490"
"003","女","002","日本人人口","01007","6歳","00000","全国","1001","平成29年10月1日現在","千人","504"
"003","女","002","日本人人口","01008","7歳","00000","全国","1001","平成29年10月1日現在","千人","505"
"003","女","002","日本人人口","01009","8歳","00000","全国","1001","平成29年10月1日現在","千人","511"
"003","女","002","日本人人口","01010","9歳","00000","全国","1001","平成29年10月1日現在","千人","521"
"003","女","002","日本人人口","01011","10歳","00000","全国","1001","平成29年10月1日現在","千人","518"
"003","女","002","日本人人口","01012","11歳","00000","全国","1001","平成29年10月1日現在","千人","515"
"003","女","002","日本人人口","01013","12歳","00000","全国","1001","平成29年10月1日現在","千人","516"
"003","女","002","日本人人口","01014","13歳","00000","全国","1001","平成29年10月1日現在","千人","535"
"003","女","002","日本人人口","01015","14歳","00000","全国","1001","平成29年10月1日現在","千人","543"
"003","女","002","日本人人口","01016","15歳","00000","全国","1001","平成29年10月1日現在","千人","560"
"003","女","002","日本人人口","01017","16歳","00000","全国","1001","平成29年10月1日現在","千人","567"
"003","女","002","日本人人口","01018","17歳","00000","全国","1001","平成29年10月1日現在","千人","577"
"003","女","002","日本人人口","01019","18歳","00000","全国","1001","平成29年10月1日現在","千人","579"
"003","女","002","日本人人口","01020","19歳","00000","全国","1001","平成29年10月1日現在","千人","585"
"003","女","002","日本人人口","01021","20歳","00000","全国","1001","平成29年10月1日現在","千人","580"
"003","女","002","日本人人口","01022","21歳","00000","全国","1001","平成29年10月1日現在","千人","573"
"003","女","002","日本人人口","01023","22歳","00000","全国","1001","平成29年10月1日現在","千人","583"
"003","女","002","日本人人口","01024","23歳","00000","全国","1001","平成29年10月1日現在","千人","579"
"003","女","002","日本人人口","01025","24歳","00000","全国","1001","平成29年10月1日現在","千人","566"
"003","女","002","日本人人口","01026","25歳","00000","全国","1001","平成29年10月1日現在","千人","572"
"003","女","002","日本人人口","01027","26歳","00000","全国","1001","平成29年10月1日現在","千人","570"
"003","女","002","日本人人口","01028","27歳","00000","全国","1001","平成29年10月1日現在","千人","580"
"003","女","002","日本人人口","01029","28歳","00000","全国","1001","平成29年10月1日現在","千人","596"
"003","女","002","日本人人口","01030","29歳","00000","全国","1001","平成29年10月1日現在","千人","617"
"003","女","002","日本人人口","01031","30歳","00000","全国","1001","平成29年10月1日現在","千人","636"
"003","女","002","日本人人口","01032","31歳","00000","全国","1001","平成29年10月1日現在","千人","649"
"003","女","002","日本人人口","01033","32歳","00000","全国","1001","平成29年10月1日現在","千人","679"
"003","女","002","日本人人口","01034","33歳","00000","全国","1001","平成29年10月1日現在","千人","703"
"003","女","002","日本人人口","01035","34歳","00000","全国","1001","平成29年10月1日現在","千人","712"
"003","女","002","日本人人口","01036","35歳","00000","全国","1001","平成29年10月1日現在","千人","713"
"003","女","002","日本人人口","01037","36歳","00000","全国","1001","平成29年10月1日現在","千人","723"
"003","女","002","日本人人口","01038","37歳","00000","全国","1001","平成29年10月1日現在","千人","756"
"003","女","002","日本人人口","01039","38歳","00000","全国","1001","平成29年10月1日現在","千人","775"
"003","女","002","日本人人口","01040","39歳","00000","全国","1001","平成29年10月1日現在","千人","809"
"003","女","002","日本人人口","01041","40歳","00000","全国","1001","平成29年10月1日現在","千人","832"
"003","女","002","日本人人口","01042","41歳","00000","全国","1001","平成29年10月1日現在","千人","873"
"003","女","002","日本人人口","01043","42歳","00000","全国","1001","平成29年10月1日現在","千人","913"
"003","女","002","日本人人口","01044","43歳","00000","全国","1001","平成29年10月1日現在","千人","963"
"003","女","002","日本人人口","01045","44歳","00000","全国","1001","平成29年10月1日現在","千人","983"
"003","女","002","日本人人口","01046","45歳","00000","全国","1001","平成29年10月1日現在","千人","962"
"003","女","002","日本人人口","01047","46歳","00000","全国","1001","平成29年10月1日現在","千人","938"
"003","女","002","日本人人口","01048","47歳","00000","全国","1001","平成29年10月1日現在","千人","909"
"003","女","002","日本人人口","01049","48歳","00000","全国","1001","平成29年10月1日現在","千人","897"
"003","女","002","日本人人口","01050","49歳","00000","全国","1001","平成29年10月1日現在","千人","877"
"003","女","002","日本人人口","01051","50歳","00000","全国","1001","平成29年10月1日現在","千人","877"
"003","女","002","日本人人口","01052","51歳","00000","全国","1001","平成29年10月1日現在","千人","686"
"003","女","002","日本人人口","01053","52歳","00000","全国","1001","平成29年10月1日現在","千人","849"
"003","女","002","日本人人口","01054","53歳","00000","全国","1001","平成29年10月1日現在","千人","795"
"003","女","002","日本人人口","01055","54歳","00000","全国","1001","平成29年10月1日現在","千人","775"
"003","女","002","日本人人口","01056","55歳","00000","全国","1001","平成29年10月1日現在","千人","752"
"003","女","002","日本人人口","01057","56歳","00000","全国","1001","平成29年10月1日現在","千人","742"
"003","女","002","日本人人口","01058","57歳","00000","全国","1001","平成29年10月1日現在","千人","749"
"003","女","002","日本人人口","01059","58歳","00000","全国","1001","平成29年10月1日現在","千人","765"
"003","女","002","日本人人口","01060","59歳","00000","全国","1001","平成29年10月1日現在","千人","746"
"003","女","002","日本人人口","01061","60歳","00000","全国","1001","平成29年10月1日現在","千人","726"
"003","女","002","日本人人口","01062","61歳","00000","全国","1001","平成29年10月1日現在","千人","764"
"003","女","002","日本人人口","01063","62歳","00000","全国","1001","平成29年10月1日現在","千人","791"
"003","女","002","日本人人口","01064","63歳","00000","全国","1001","平成29年10月1日現在","千人","792"
"003","女","002","日本人人口","01065","64歳","00000","全国","1001","平成29年10月1日現在","千人","846"
"003","女","002","日本人人口","01066","65歳","00000","全国","1001","平成29年10月1日現在","千人","897"
"003","女","002","日本人人口","01067","66歳","00000","全国","1001","平成29年10月1日現在","千人","950"
"003","女","002","日本人人口","01068","67歳","00000","全国","1001","平成29年10月1日現在","千人","1021"
"003","女","002","日本人人口","01069","68歳","00000","全国","1001","平成29年10月1日現在","千人","1119"
"003","女","002","日本人人口","01070","69歳","00000","全国","1001","平成29年10月1日現在","千人","1108"
"003","女","002","日本人人口","01071","70歳","00000","全国","1001","平成29年10月1日現在","千人","1048"
"003","女","002","日本人人口","01072","71歳","00000","全国","1001","平成29年10月1日現在","千人","656"
"003","女","002","日本人人口","01073","72歳","00000","全国","1001","平成29年10月1日現在","千人","707"
"003","女","002","日本人人口","01074","73歳","00000","全国","1001","平成29年10月1日現在","千人","860"
"003","女","002","日本人人口","01075","74歳","00000","全国","1001","平成29年10月1日現在","千人","829"
"003","女","002","日本人人口","01076","75歳","00000","全国","1001","平成29年10月1日現在","千人","849"
"003","女","002","日本人人口","01077","76歳","00000","全国","1001","平成29年10月1日現在","千人","818"
"003","女","002","日本人人口","01078","77歳","00000","全国","1001","平成29年10月1日現在","千人","738"
"003","女","002","日本人人口","01079","78歳","00000","全国","1001","平成29年10月1日現在","千人","636"
"003","女","002","日本人人口","01080","79歳","00000","全国","1001","平成29年10月1日現在","千人","673"
"003","女","002","日本人人口","01081","80歳","00000","全国","1001","平成29年10月1日現在","千人","681"
"003","女","002","日本人人口","01082","81歳","00000","全国","1001","平成29年10月1日現在","千人","670"
"003","女","002","日本人人口","01083","82歳","00000","全国","1001","平成29年10月1日現在","千人","629"
"003","女","002","日本人人口","01084","83歳","00000","全国","1001","平成29年10月1日現在","千人","581"
"003","女","002","日本人人口","01085","84歳","00000","全国","1001","平成29年10月1日現在","千人","566"
"003","女","002","日本人人口","01086","85歳","00000","全国","1001","平成29年10月1日現在","千人","529"
"003","女","002","日本人人口","01087","86歳","00000","全国","1001","平成29年10月1日現在","千人","488"
"003","女","002","日本人人口","01088","87歳","00000","全国","1001","平成29年10月1日現在","千人","437"
"003","女","002","日本人人口","01089","88歳","00000","全国","1001","平成29年10月1日現在","千人","402"
"003","女","002","日本人人口","01090","89歳","00000","全国","1001","平成29年10月1日現在","千人","361"
"003","女","002","日本人人口","01091","90歳","00000","全国","1001","平成29年10月1日現在","千人","318"
"003","女","002","日本人人口","01092","91歳","00000","全国","1001","平成29年10月1日現在","千人","279"
"003","女","002","日本人人口","01093","92歳","00000","全国","1001","平成29年10月1日現在","千人","231"
"003","女","002","日本人人口","01094","93歳","00000","全国","1001","平成29年10月1日現在","千人","184"
"003","女","002","日本人人口","01095","94歳","00000","全国","1001","平成29年10月1日現在","千人","150"
"003","女","002","日本人人口","01096","95歳","00000","全国","1001","平成29年10月1日現在","千人","112"
"003","女","002","日本人人口","01097","96歳","00000","全国","1001","平成29年10月1日現在","千人","85"
"003","女","002","日本人人口","01098","97歳","00000","全国","1001","平成29年10月1日現在","千人","67"
"003","女","002","日本人人口","01099","98歳","00000","全国","1001","平成29年10月1日現在","千人","40"
"003","女","002","日本人人口","01100","99歳","00000","全国","1001","平成29年10月1日現在","千人","30"
"003","女","002","日本人人口","01101","100歳以上","00000","全国","1001","平成29年10月1日現在","千人","59"
"004","人口性比","001","総人口","01000","総数","00000","全国","1001","平成29年10月1日現在","女性＝100","94.8"
"004","人口性比","001","総人口","01001","0歳","00000","全国","1001","平成29年10月1日現在","女性＝100","105.0"
"004","人口性比","001","総人口","01002","1歳","00000","全国","1001","平成29年10月1日現在","女性＝100","105.6"
"004","人口性比","001","総人口","01003","2歳","00000","全国","1001","平成29年10月1日現在","女性＝100","104.3"
"004","人口性比","001","総人口","01004","3歳","00000","全国","1001","平成29年10月1日現在","女性＝100","104.9"
"004","人口性比","001","総人口","01005","4歳","00000","全国","1001","平成29年10月1日現在","女性＝100","104.5"
"004","人口性比","001","総人口","01006","5歳","00000","全国","1001","平成29年10月1日現在","女性＝100","104.7"
"004","人口性比","001","総人口","01007","6歳","00000","全国","1001","平成29年10月1日現在","女性＝100","105.1"
"004","人口性比","001","総人口","01008","7歳","00000","全国","1001","平成29年10月1日現在","女性＝100","105.3"
"004","人口性比","001","総人口","01009","8歳","00000","全国","1001","平成29年10月1日現在","女性＝100","105.1"
"004","人口性比","001","総人口","01010","9歳","00000","全国","1001","平成29年10月1日現在","女性＝100","105.0"
"004","人口性比","001","総人口","01011","10歳","00000","全国","1001","平成29年10月1日現在","女性＝100","105.1"
"004","人口性比","001","総人口","01012","11歳","00000","全国","1001","平成29年10月1日現在","女性＝100","104.8"
"004","人口性比","001","総人口","01013","12歳","00000","全国","1001","平成29年10月1日現在","女性＝100","104.9"
"004","人口性比","001","総人口","01014","13歳","00000","全国","1001","平成29年10月1日現在","女性＝100","104.6"
"004","人口性比","001","総人口","01015","14歳","00000","全国","1001","平成29年10月1日現在","女性＝100","105.2"
"004","人口性比","001","総人口","01016","15歳","00000","全国","1001","平成29年10月1日現在","女性＝100","105.1"
"004","人口性比","001","総人口","01017","16歳","00000","全国","1001","平成29年10月1日現在","女性＝100","105.3"
"004","人口性比","001","総人口","01018","17歳","00000","全国","1001","平成29年10月1日現在","女性＝100","106.2"
"004","人口性比","001","総人口","01019","18歳","00000","全国","1001","平成29年10月1日現在","女性＝100","105.6"
"004","人口性比","001","総人口","01020","19歳","00000","全国","1001","平成29年10月1日現在","女性＝100","105.5"
"004","人口性比","001","総人口","01021","20歳","00000","全国","1001","平成29年10月1日現在","女性＝100","105.6"
"004","人口性比","001","総人口","01022","21歳","00000","全国","1001","平成29年10月1日現在","女性＝100","106.5"
"004","人口性比","001","総人口","01023","22歳","00000","全国","1001","平成29年10月1日現在","女性＝100","106.1"
"004","人口性比","001","総人口","01024","23歳","00000","全国","1001","平成29年10月1日現在","女性＝100","106.1"
"004","人口性比","001","総人口","01025","24歳","00000","全国","1001","平成29年10月1日現在","女性＝100","105.9"
"004","人口性比","001","総人口","01026","25歳","00000","全国","1001","平成29年10月1日現在","女性＝100","105.9"
"004","人口性比","001","総人口","01027","26歳","00000","全国","1001","平成29年10月1日現在","女性＝100","105.3"
"004","人口性比","001","総人口","01028","27歳","00000","全国","1001","平成29年10月1日現在","女性＝100","104.7"
"004","人口性比","001","総人口","01029","28歳","00000","全国","1001","平成29年10月1日現在","女性＝100","104.4"
"004","人口性比","001","総人口","01030","29歳","00000","全国","1001","平成29年10月1日現在","女性＝100","104.6"
"004","人口性比","001","総人口","01031","30歳","00000","全国","1001","平成29年10月1日現在","女性＝100","104.1"
"004","人口性比","001","総人口","01032","31歳","00000","全国","1001","平成29年10月1日現在","女性＝100","104.2"
"004","人口性比","001","総人口","01033","32歳","00000","全国","1001","平成29年10月1日現在","女性＝100","103.2"
"004","人口性比","001","総人口","01034","33歳","00000","全国","1001","平成29年10月1日現在","女性＝100","102.8"
"004","人口性比","001","総人口","01035","34歳","00000","全国","1001","平成29年10月1日現在","女性＝100","103.0"
"004","人口性比","001","総人口","01036","35歳","00000","全国","1001","平成29年10月1日現在","女性＝100","102.6"
"004","人口性比","001","総人口","01037","36歳","00000","全国","1001","平成29年10月1日現在","女性＝100","102.9"
"004","人口性比","001","総人口","01038","37歳","00000","全国","1001","平成29年10月1日現在","女性＝100","102.8"
"004","人口性比","001","総人口","01039","38歳","00000","全国","1001","平成29年10月1日現在","女性＝100","102.9"
"004","人口性比","001","総人口","01040","39歳","00000","全国","1001","平成29年10月1日現在","女性＝100","102.7"
"004","人口性比","001","総人口","01041","40歳","00000","全国","1001","平成29年10月1日現在","女性＝100","102.9"
"004","人口性比","001","総人口","01042","41歳","00000","全国","1001","平成29年10月1日現在","女性＝100","102.8"
"004","人口性比","001","総人口","01043","42歳","00000","全国","1001","平成29年10月1日現在","女性＝100","102.7"
"004","人口性比","001","総人口","01044","43歳","00000","全国","1001","平成29年10月1日現在","女性＝100","102.9"
"004","人口性比","001","総人口","01045","44歳","00000","全国","1001","平成29年10月1日現在","女性＝100","102.2"
"004","人口性比","001","総人口","01046","45歳","00000","全国","1001","平成29年10月1日現在","女性＝100","102.6"
"004","人口性比","001","総人口","01047","46歳","00000","全国","1001","平成29年10月1日現在","女性＝100","102.2"
"004","人口性比","001","総人口","01048","47歳","00000","全国","1001","平成29年10月1日現在","女性＝100","102.1"
"004","人口性比","001","総人口","01049","48歳","00000","全国","1001","平成29年10月1日現在","女性＝100","101.8"
"004","人口性比","001","総人口","01050","49歳","00000","全国","1001","平成29年10月1日現在","女性＝100","101.6"
"004","人口性比","001","総人口","01051","50歳","00000","全国","1001","平成29年10月1日現在","女性＝100","101.6"
"004","人口性比","001","総人口","01052","51歳","00000","全国","1001","平成29年10月1日現在","女性＝100","100.8"
"004","人口性比","001","総人口","01053","52歳","00000","全国","1001","平成29年10月1日現在","女性＝100","101.0"
"004","人口性比","001","総人口","01054","53歳","00000","全国","1001","平成29年10月1日現在","女性＝100","100.9"
"004","人口性比","001","総人口","01055","54歳","00000","全国","1001","平成29年10月1日現在","女性＝100","100.6"
"004","人口性比","001","総人口","01056","55歳","00000","全国","1001","平成29年10月1日現在","女性＝100","100.3"
"004","人口性比","001","総人口","01057","56歳","00000","全国","1001","平成29年10月1日現在","女性＝100","100.0"
"004","人口性比","001","総人口","01058","57歳","00000","全国","1001","平成29年10月1日現在","女性＝100","99.4"
"004","人口性比","001","総人口","01059","58歳","00000","全国","1001","平成29年10月1日現在","女性＝100","99.2"
"004","人口性比","001","総人口","01060","59歳","00000","全国","1001","平成29年10月1日現在","女性＝100","98.5"
"004","人口性比","001","総人口","01061","60歳","00000","全国","1001","平成29年10月1日現在","女性＝100","98.2"
"004","人口性比","001","総人口","01062","61歳","00000","全国","1001","平成29年10月1日現在","女性＝100","97.8"
"004","人口性比","001","総人口","01063","62歳","00000","全国","1001","平成29年10月1日現在","女性＝100","97.6"
"004","人口性比","001","総人口","01064","63歳","00000","全国","1001","平成29年10月1日現在","女性＝100","96.9"
"004","人口性比","001","総人口","01065","64歳","00000","全国","1001","平成29年10月1日現在","女性＝100","95.8"
"004","人口性比","001","総人口","01066","65歳","00000","全国","1001","平成29年10月1日現在","女性＝100","95.2"
"004","人口性比","001","総人口","01067","66歳","00000","全国","1001","平成29年10月1日現在","女性＝100","94.7"
"004","人口性比","001","総人口","01068","67歳","00000","全国","1001","平成29年10月1日現在","女性＝100","93.7"
"004","人口性比","001","総人口","01069","68歳","00000","全国","1001","平成29年10月1日現在","女性＝100","93.0"
"004","人口性比","001","総人口","01070","69歳","00000","全国","1001","平成29年10月1日現在","女性＝100","92.1"
"004","人口性比","001","総人口","01071","70歳","00000","全国","1001","平成29年10月1日現在","女性＝100","91.7"
"004","人口性比","001","総人口","01072","71歳","00000","全国","1001","平成29年10月1日現在","女性＝100","89.6"
"004","人口性比","001","総人口","01073","72歳","00000","全国","1001","平成29年10月1日現在","女性＝100","87.3"
"004","人口性比","001","総人口","01074","73歳","00000","全国","1001","平成29年10月1日現在","女性＝100","86.0"
"004","人口性比","001","総人口","01075","74歳","00000","全国","1001","平成29年10月1日現在","女性＝100","85.1"
"004","人口性比","001","総人口","01076","75歳","00000","全国","1001","平成29年10月1日現在","女性＝100","83.6"
"004","人口性比","001","総人口","01077","76歳","00000","全国","1001","平成29年10月1日現在","女性＝100","82.4"
"004","人口性比","001","総人口","01078","77歳","00000","全国","1001","平成29年10月1日現在","女性＝100","80.7"
"004","人口性比","001","総人口","01079","78歳","00000","全国","1001","平成29年10月1日現在","女性＝100","78.9"
"004","人口性比","001","総人口","01080","79歳","00000","全国","1001","平成29年10月1日現在","女性＝100","76.4"
"004","人口性比","001","総人口","01081","80歳","00000","全国","1001","平成29年10月1日現在","女性＝100","74.3"
"004","人口性比","001","総人口","01082","81歳","00000","全国","1001","平成29年10月1日現在","女性＝100","71.9"
"004","人口性比","001","総人口","01083","82歳","00000","全国","1001","平成29年10月1日現在","女性＝100","68.6"
"004","人口性比","001","総人口","01084","83歳","00000","全国","1001","平成29年10月1日現在","女性＝100","65.5"
"004","人口性比","001","総人口","01085","84歳","00000","全国","1001","平成29年10月1日現在","女性＝100","61.9"
"004","人口性比","001","総人口","01086","85歳","00000","全国","1001","平成29年10月1日現在","女性＝100","59.3"
"004","人口性比","001","総人口","01087","86歳","00000","全国","1001","平成29年10月1日現在","女性＝100","55.6"
"004","人口性比","001","総人口","01088","87歳","00000","全国","1001","平成29年10月1日現在","女性＝100","52.1"
"004","人口性比","001","総人口","01089","88歳","00000","全国","1001","平成29年10月1日現在","女性＝100","48.3"
"004","人口性比","001","総人口","01090","89歳","00000","全国","1001","平成29年10月1日現在","女性＝100","45.3"
"004","人口性比","001","総人口","01091","90歳","00000","全国","1001","平成29年10月1日現在","女性＝100","42.2"
"004","人口性比","001","総人口","01092","91歳","00000","全国","1001","平成29年10月1日現在","女性＝100","38.5"
"004","人口性比","001","総人口","01093","92歳","00000","全国","1001","平成29年10月1日現在","女性＝100","34.2"
"004","人口性比","001","総人口","01094","93歳","00000","全国","1001","平成29年10月1日現在","女性＝100","30.5"
"004","人口性比","001","総人口","01095","94歳","00000","全国","1001","平成29年10月1日現在","女性＝100","26.0"
"004","人口性比","001","総人口","01096","95歳","00000","全国","1001","平成29年10月1日現在","女性＝100","23.2"
"004","人口性比","001","総人口","01097","96歳","00000","全国","1001","平成29年10月1日現在","女性＝100","21.4"
"004","人口性比","001","総人口","01098","97歳","00000","全国","1001","平成29年10月1日現在","女性＝100","19.6"
"004","人口性比","001","総人口","01099","98歳","00000","全国","1001","平成29年10月1日現在","女性＝100","18.5"
"004","人口性比","001","総人口","01100","99歳","00000","全国","1001","平成29年10月1日現在","女性＝100","17.3"
"004","人口性比","001","総人口","01101","100歳以上","00000","全国","1001","平成29年10月1日現在","女性＝100","15.0"
"004","人口性比","002","日本人人口","01000","総数","00000","全国","1001","平成29年10月1日現在","女性＝100","94.8"
"004","人口性比","002","日本人人口","01001","0歳","00000","全国","1001","平成29年10月1日現在","女性＝100","105.0"
"004","人口性比","002","日本人人口","01002","1歳","00000","全国","1001","平成29年10月1日現在","女性＝100","105.6"
"004","人口性比","002","日本人人口","01003","2歳","00000","全国","1001","平成29年10月1日現在","女性＝100","104.3"
"004","人口性比","002","日本人人口","01004","3歳","00000","全国","1001","平成29年10月1日現在","女性＝100","104.9"
"004","人口性比","002","日本人人口","01005","4歳","00000","全国","1001","平成29年10月1日現在","女性＝100","104.4"
"004","人口性比","002","日本人人口","01006","5歳","00000","全国","1001","平成29年10月1日現在","女性＝100","104.7"
"004","人口性比","002","日本人人口","01007","6歳","00000","全国","1001","平成29年10月1日現在","女性＝100","105.1"
"004","人口性比","002","日本人人口","01008","7歳","00000","全国","1001","平成29年10月1日現在","女性＝100","105.2"
"004","人口性比","002","日本人人口","01009","8歳","00000","全国","1001","平成29年10月1日現在","女性＝100","105.1"
"004","人口性比","002","日本人人口","01010","9歳","00000","全国","1001","平成29年10月1日現在","女性＝100","105.0"
"004","人口性比","002","日本人人口","01011","10歳","00000","全国","1001","平成29年10月1日現在","女性＝100","105.0"
"004","人口性比","002","日本人人口","01012","11歳","00000","全国","1001","平成29年10月1日現在","女性＝100","104.8"
"004","人口性比","002","日本人人口","01013","12歳","00000","全国","1001","平成29年10月1日現在","女性＝100","104.9"
"004","人口性比","002","日本人人口","01014","13歳","00000","全国","1001","平成29年10月1日現在","女性＝100","104.6"
"004","人口性比","002","日本人人口","01015","14歳","00000","全国","1001","平成29年10月1日現在","女性＝100","105.2"
"004","人口性比","002","日本人人口","01016","15歳","00000","全国","1001","平成29年10月1日現在","女性＝100","105.1"
"004","人口性比","002","日本人人口","01017","16歳","00000","全国","1001","平成29年10月1日現在","女性＝100","105.3"
"004","人口性比","002","日本人人口","01018","17歳","00000","全国","1001","平成29年10月1日現在","女性＝100","106.2"
"004","人口性比","002","日本人人口","01019","18歳","00000","全国","1001","平成29年10月1日現在","女性＝100","105.8"
"004","人口性比","002","日本人人口","01020","19歳","00000","全国","1001","平成29年10月1日現在","女性＝100","105.9"
"004","人口性比","002","日本人人口","01021","20歳","00000","全国","1001","平成29年10月1日現在","女性＝100","105.7"
"004","人口性比","002","日本人人口","01022","21歳","00000","全国","1001","平成29年10月1日現在","女性＝100","106.1"
"004","人口性比","002","日本人人口","01023","22歳","00000","全国","1001","平成29年10月1日現在","女性＝100","105.3"
"004","人口性比","002","日本人人口","01024","23歳","00000","全国","1001","平成29年10月1日現在","女性＝100","105.2"
"004","人口性比","002","日本人人口","01025","24歳","00000","全国","1001","平成29年10月1日現在","女性＝100","105.0"
"004","人口性比","002","日本人人口","01026","25歳","00000","全国","1001","平成29年10月1日現在","女性＝100","105.0"
"004","人口性比","002","日本人人口","01027","26歳","00000","全国","1001","平成29年10月1日現在","女性＝100","104.5"
"004","人口性比","002","日本人人口","01028","27歳","00000","全国","1001","平成29年10月1日現在","女性＝100","104.0"
"004","人口性比","002","日本人人口","01029","28歳","00000","全国","1001","平成29年10月1日現在","女性＝100","103.9"
"004","人口性比","002","日本人人口","01030","29歳","00000","全国","1001","平成29年10月1日現在","女性＝100","104.3"
"004","人口性比","002","日本人人口","01031","30歳","00000","全国","1001","平成29年10月1日現在","女性＝100","104.0"
"004","人口性比","002","日本人人口","01032","31歳","00000","全国","1001","平成29年10月1日現在","女性＝100","104.3"
"004","人口性比","002","日本人人口","01033","32歳","00000","全国","1001","平成29年10月1日現在","女性＝100","103.4"
"004","人口性比","002","日本人人口","01034","33歳","00000","全国","1001","平成29年10月1日現在","女性＝100","103.2"
"004","人口性比","002","日本人人口","01035","34歳","00000","全国","1001","平成29年10月1日現在","女性＝100","103.4"
"004","人口性比","002","日本人人口","01036","35歳","00000","全国","1001","平成29年10月1日現在","女性＝100","103.3"
"004","人口性比","002","日本人人口","01037","36歳","00000","全国","1001","平成29年10月1日現在","女性＝100","103.5"
"004","人口性比","002","日本人人口","01038","37歳","00000","全国","1001","平成29年10月1日現在","女性＝100","103.4"
"004","人口性比","002","日本人人口","01039","38歳","00000","全国","1001","平成29年10月1日現在","女性＝100","103.7"
"004","人口性比","002","日本人人口","01040","39歳","00000","全国","1001","平成29年10月1日現在","女性＝100","103.4"
"004","人口性比","002","日本人人口","01041","40歳","00000","全国","1001","平成29年10月1日現在","女性＝100","103.5"
"004","人口性比","002","日本人人口","01042","41歳","00000","全国","1001","平成29年10月1日現在","女性＝100","103.5"
"004","人口性比","002","日本人人口","01043","42歳","00000","全国","1001","平成29年10月1日現在","女性＝100","103.3"
"004","人口性比","002","日本人人口","01044","43歳","00000","全国","1001","平成29年10月1日現在","女性＝100","103.6"
"004","人口性比","002","日本人人口","01045","44歳","00000","全国","1001","平成29年10月1日現在","女性＝100","102.8"
"004","人口性比","002","日本人人口","01046","45歳","00000","全国","1001","平成29年10月1日現在","女性＝100","103.4"
"004","人口性比","002","日本人人口","01047","46歳","00000","全国","1001","平成29年10月1日現在","女性＝100","103.0"
"004","人口性比","002","日本人人口","01048","47歳","00000","全国","1001","平成29年10月1日現在","女性＝100","103.0"
"004","人口性比","002","日本人人口","01049","48歳","00000","全国","1001","平成29年10月1日現在","女性＝100","102.6"
"004","人口性比","002","日本人人口","01050","49歳","00000","全国","1001","平成29年10月1日現在","女性＝100","102.5"
"004","人口性比","002","日本人人口","01051","50歳","00000","全国","1001","平成29年10月1日現在","女性＝100","102.3"
"004","人口性比","002","日本人人口","01052","51歳","00000","全国","1001","平成29年10月1日現在","女性＝100","101.6"
"004","人口性比","002","日本人人口","01053","52歳","00000","全国","1001","平成29年10月1日現在","女性＝100","101.6"
"004","人口性比","002","日本人人口","01054","53歳","00000","全国","1001","平成29年10月1日現在","女性＝100","101.5"
"004","人口性比","002","日本人人口","01055","54歳","00000","全国","1001","平成29年10月1日現在","女性＝100","101.2"
"004","人口性比","002","日本人人口","01056","55歳","00000","全国","1001","平成29年10月1日現在","女性＝100","100.8"
"004","人口性比","002","日本人人口","01057","56歳","00000","全国","1001","平成29年10月1日現在","女性＝100","100.5"
"004","人口性比","002","日本人人口","01058","57歳","00000","全国","1001","平成29年10月1日現在","女性＝100","99.8"
"004","人口性比","002","日本人人口","01059","58歳","00000","全国","1001","平成29年10月1日現在","女性＝100","99.5"
"004","人口性比","002","日本人人口","01060","59歳","00000","全国","1001","平成29年10月1日現在","女性＝100","98.8"
"004","人口性比","002","日本人人口","01061","60歳","00000","全国","1001","平成29年10月1日現在","女性＝100","98.5"
"004","人口性比","002","日本人人口","01062","61歳","00000","全国","1001","平成29年10月1日現在","女性＝100","98.0"
"004","人口性比","002","日本人人口","01063","62歳","00000","全国","1001","平成29年10月1日現在","女性＝100","97.8"
"004","人口性比","002","日本人人口","01064","63歳","00000","全国","1001","平成29年10月1日現在","女性＝100","97.0"
"004","人口性比","002","日本人人口","01065","64歳","00000","全国","1001","平成29年10月1日現在","女性＝100","95.9"
"004","人口性比","002","日本人人口","01066","65歳","00000","全国","1001","平成29年10月1日現在","女性＝100","95.3"
"004","人口性比","002","日本人人口","01067","66歳","00000","全国","1001","平成29年10月1日現在","女性＝100","94.7"
"004","人口性比","002","日本人人口","01068","67歳","00000","全国","1001","平成29年10月1日現在","女性＝100","93.7"
"004","人口性比","002","日本人人口","01069","68歳","00000","全国","1001","平成29年10月1日現在","女性＝100","93.0"
"004","人口性比","002","日本人人口","01070","69歳","00000","全国","1001","平成29年10月1日現在","女性＝100","92.1"
"004","人口性比","002","日本人人口","01071","70歳","00000","全国","1001","平成29年10月1日現在","女性＝100","91.7"
"004","人口性比","002","日本人人口","01072","71歳","00000","全国","1001","平成29年10月1日現在","女性＝100","89.6"
"004","人口性比","002","日本人人口","01073","72歳","00000","全国","1001","平成29年10月1日現在","女性＝100","87.4"
"004","人口性比","002","日本人人口","01074","73歳","00000","全国","1001","平成29年10月1日現在","女性＝100","86.0"
"004","人口性比","002","日本人人口","01075","74歳","00000","全国","1001","平成29年10月1日現在","女性＝100","85.1"
"004","人口性比","002","日本人人口","01076","75歳","00000","全国","1001","平成29年10月1日現在","女性＝100","83.6"
"004","人口性比","002","日本人人口","01077","76歳","00000","全国","1001","平成29年10月1日現在","女性＝100","82.5"
"004","人口性比","002","日本人人口","01078","77歳","00000","全国","1001","平成29年10月1日現在","女性＝100","80.7"
"004","人口性比","002","日本人人口","01079","78歳","00000","全国","1001","平成29年10月1日現在","女性＝100","79.0"
"004","人口性比","002","日本人人口","01080","79歳","00000","全国","1001","平成29年10月1日現在","女性＝100","76.5"
"004","人口性比","002","日本人人口","01081","80歳","00000","全国","1001","平成29年10月1日現在","女性＝100","74.3"
"004","人口性比","002","日本人人口","01082","81歳","00000","全国","1001","平成29年10月1日現在","女性＝100","71.9"
"004","人口性比","002","日本人人口","01083","82歳","00000","全国","1001","平成29年10月1日現在","女性＝100","68.7"
"004","人口性比","002","日本人人口","01084","83歳","00000","全国","1001","平成29年10月1日現在","女性＝100","65.5"
"004","人口性比","002","日本人人口","01085","84歳","00000","全国","1001","平成29年10月1日現在","女性＝100","62.0"
"004","人口性比","002","日本人人口","01086","85歳","00000","全国","1001","平成29年10月1日現在","女性＝100","59.3"
"004","人口性比","002","日本人人口","01087","86歳","00000","全国","1001","平成29年10月1日現在","女性＝100","55.6"
"004","人口性比","002","日本人人口","01088","87歳","00000","全国","1001","平成29年10月1日現在","女性＝100","52.1"
"004","人口性比","002","日本人人口","01089","88歳","00000","全国","1001","平成29年10月1日現在","女性＝100","48.3"
"004","人口性比","002","日本人人口","01090","89歳","00000","全国","1001","平成29年10月1日現在","女性＝100","45.3"
"004","人口性比","002","日本人人口","01091","90歳","00000","全国","1001","平成29年10月1日現在","女性＝100","42.2"
"004","人口性比","002","日本人人口","01092","91歳","00000","全国","1001","平成29年10月1日現在","女性＝100","38.5"
"004","人口性比","002","日本人人口","01093","92歳","00000","全国","1001","平成29年10月1日現在","女性＝100","34.2"
"004","人口性比","002","日本人人口","01094","93歳","00000","全国","1001","平成29年10月1日現在","女性＝100","30.5"
"004","人口性比","002","日本人人口","01095","94歳","00000","全国","1001","平成29年10月1日現在","女性＝100","25.9"
"004","人口性比","002","日本人人口","01096","95歳","00000","全国","1001","平成29年10月1日現在","女性＝100","23.2"
"004","人口性比","002","日本人人口","01097","96歳","00000","全国","1001","平成29年10月1日現在","女性＝100","21.4"
"004","人口性比","002","日本人人口","01098","97歳","00000","全国","1001","平成29年10月1日現在","女性＝100","19.6"
"004","人口性比","002","日本人人口","01099","98歳","00000","全国","1001","平成29年10月1日現在","女性＝100","18.5"
"004","人口性比","002","日本人人口","01100","99歳","00000","全国","1001","平成29年10月1日現在","女性＝100","17.3"
"004","人口性比","002","日本人人口","01101","100歳以上","00000","全国","1001","平成29年10月1日現在","女性＝100","15.0"
